Index,Filename,Directory,IMNO_1,ModificationTime,FileSize_Mo,CreationTime,CreationTime_ISO8601,dir_path,SIMPLE,BITPIX,NAXIS,NAXIS1,NAXIS2,EXTEND,BZERO,BSCALE,ADD_COMM,IMG_SIZE,SOFT_VER,DATE,EXPTIME,EMGAIN,GAIN1,VSS,IMNO,IMBURST,SHUTTER,ROS,CDSOFFSET,TEMPDATE,TEMPTIME,TEMPA,TEMPB,OBSTYPE,median_physical,mean_physical,Col2ColDiff_pre_scan,Line2lineDiff_pre_scan,SaturatedPixels,median_pre_scan,mean_pre_scan,std_pre_scan,stdXY,stdXY_Top,stdXY_Bottom,stdXY_pre_scan,BottomImage,TopImage,BottomImage_median,TopImage_median,flat,percentile_04,percentile_998,hist_bias,hist_ron,hist_gain,hist_flux,e_per_hour,FRAC5SIG,Path
0,image000046.fits,EXPTIME_100.0,000046,230627.2025,13.31,230627.2025,2023-06-27T20:25:38,/Users/Vincent/DS9QuickLookPlugIn/subsets/230627_UA_darks/Directory_dark_05272023_g1000_minus90/EXPTIME_100.0,True,16,2,3216,2069,True,32768,1,,"3216,2069",4.2.1,2023-05-28T00:38:37,100.0,8243,0.0,0,46,5,0,2,500,,""",",$.7,X!.7,OBJECT,7820.905787078271,7851.344694951665,0.003383276945896796,0.32000000000061846,0.0031686358754027927,7819.0,7822.8599722087965,101.12437462862336,442.850889419344,251.4081598880566,338.16097079192554,101.12437462862336,18.425712114632915,29.88438775510167,-6.0,3.0,5.0989993605181165e-06,7743.0,10884.0,7821.020000000046,17.527434779083144,1452.8070054807533,0.01785318746254706,0.6427147486516941,0.027540472253294007,/Users/Vincent/DS9QuickLookPlugIn/subsets/230627_UA_darks/Directory_dark_05272023_g1000_minus90/EXPTIME_100.0/image000046.fits
1,image000047.fits,EXPTIME_100.0,000047,230627.2025,13.31,230627.2025,2023-06-27T20:25:38,/Users/Vincent/DS9QuickLookPlugIn/subsets/230627_UA_darks/Directory_dark_05272023_g1000_minus90/EXPTIME_100.0,True,16,2,3216,2069,True,32768,1,,"3216,2069",4.2.1,2023-05-28T00:40:17,100.0,8243,0.0,0,47,5,0,2,500,,""",",$.7,X!.7,OBJECT,7826.980280034644,7853.929236842106,0.23682938617821492,0.04874999999992724,0.0024704618689581096,7826.0,7829.448597148381,108.36363943214668,406.5420635871798,256.47155145802435,445.8806634817404,108.36363943214668,18.91440512375175,26.876377551020596,-7.0,2.0,0.0,7742.0,10792.002000000095,7828.060000000047,17.63564784261606,1504.9356327805792,0.01442588783614254,0.5193319621011314,0.024279590817726668,/Users/Vincent/DS9QuickLookPlugIn/subsets/230627_UA_darks/Directory_dark_05272023_g1000_minus90/EXPTIME_100.0/image000047.fits
2,image000048.fits,EXPTIME_100.0,000048,230627.2025,13.31,230627.2025,2023-06-27T20:25:38,/Users/Vincent/DS9QuickLookPlugIn/subsets/230627_UA_darks/Directory_dark_05272023_g1000_minus90/EXPTIME_100.0,True,16,2,3216,2069,True,32768,1,,"3216,2069",4.2.1,2023-05-28T00:41:57,100.0,8243,0.0,0,48,5,0,2,500,,""",",$.7,X!.7,OBJECT,7825.264512338587,7850.000655746509,0.45819236346142134,0.2787500000004002,0.0017722878625134263,7824.0,7827.789232721121,106.4430498192556,374.94307612367277,257.97435105459266,317.2581590101046,106.4430498192556,15.364142422926307,24.07994897959179,-6.0,2.0,7.113270493497338e-06,7731.0,10623.002000000095,7826.060000000041,17.550339386854155,1409.1725311928813,0.013964181649327766,0.5027105393757996,0.02311190997212989,/Users/Vincent/DS9QuickLookPlugIn/subsets/230627_UA_darks/Directory_dark_05272023_g1000_minus90/EXPTIME_100.0/image000048.fits
3,image000056.fits,EXPTIME_150.0,000056,230627.2025,13.31,230627.2025,2023-06-27T20:25:38,/Users/Vincent/DS9QuickLookPlugIn/subsets/230627_UA_darks/Directory_dark_05272023_g1000_minus90/EXPTIME_150.0,True,16,2,3216,2069,True,32768,1,,"3216,2069",4.2.1,2023-05-28T00:48:42,150.0,8243,0.0,0,56,5,0,2,500,,""",",$.7,X!.7,OBJECT,7826.172063064732,7863.87121858217,-0.14741420976315567,0.06499999999959982,0.0047798066595059075,7824.0,7828.079768003867,107.43742739278258,534.9684254916605,292.77074637170796,527.9962416934877,107.43742739278258,26.94915544941341,35.99576530612285,-6.0,3.0,6.9883346737378576e-06,7732.0,11215.002000000095,7828.340000000047,17.715427238419647,1520.566951618323,0.02206340614735617,0.529521747536548,0.03215323883516681,/Users/Vincent/DS9QuickLookPlugIn/subsets/230627_UA_darks/Directory_dark_05272023_g1000_minus90/EXPTIME_150.0/image000056.fits
4,image000057.fits,EXPTIME_150.0,000057,230627.2025,13.31,230627.2025,2023-06-27T20:25:38,/Users/Vincent/DS9QuickLookPlugIn/subsets/230627_UA_darks/Directory_dark_05272023_g1000_minus90/EXPTIME_150.0,True,16,2,3216,2069,True,32768,1,,"3216,2069",4.2.1,2023-05-28T00:51:12,150.0,8243,0.0,0,57,5,0,2,500,,""",",$.7,X!.7,OBJECT,7817.790014374717,7854.261770139635,-0.17037216046446702,-0.15124999999898137,0.0037056928034371645,7816.0,7819.907274045432,101.39172376675151,493.07989230445804,275.3096523722657,602.7051339216874,101.39172376675151,30.072129830655285,34.30673469387784,-6.0,2.0,4.1130635059393525e-06,7739.0,11008.0,7820.300000000045,17.58803027256615,1408.2896472388597,0.02279545445030354,0.547090906807285,0.03302853704354478,/Users/Vincent/DS9QuickLookPlugIn/subsets/230627_UA_darks/Directory_dark_05272023_g1000_minus90/EXPTIME_150.0/image000057.fits
5,image000058.fits,EXPTIME_150.0,000058,230627.2025,13.31,230627.2025,2023-06-27T20:25:38,/Users/Vincent/DS9QuickLookPlugIn/subsets/230627_UA_darks/Directory_dark_05272023_g1000_minus90/EXPTIME_150.0,True,16,2,3216,2069,True,32768,1,,"3216,2069",4.2.1,2023-05-28T00:53:42,150.0,8243,0.0,0,58,5,0,2,500,,""",",$.7,X!.7,OBJECT,7824.71299005028,7865.0590784103115,0.7257129047848139,0.16374999999970896,0.005209452201933405,7823.0,7826.632367085548,103.62211304643156,549.2238392944867,288.5410128393143,637.0258774347423,103.62211304643156,33.470347372991455,37.548775510203996,-6.0,3.0,3.3151351679144326e-06,7753.0,11242.0,7822.940000000048,17.691713927554172,1539.2518137955099,0.023919169576422077,0.5740600698341298,0.0351369218154137,/Users/Vincent/DS9QuickLookPlugIn/subsets/230627_UA_darks/Directory_dark_05272023_g1000_minus90/EXPTIME_150.0/image000058.fits
6,image000066.fits,EXPTIME_200.0,000066,230627.2025,13.31,230627.2025,2023-06-27T20:25:38,/Users/Vincent/DS9QuickLookPlugIn/subsets/230627_UA_darks/Directory_dark_05272023_g1000_minus90/EXPTIME_200.0,True,16,2,3216,2069,True,32768,1,,"3216,2069",4.2.1,2023-05-28T01:02:58,200.0,8243,0.0,0,66,5,0,2,500,,""",",$.7,X!.7,OBJECT,7828.230269028019,7877.656312567132,0.006766553890884097,0.3774999999995998,0.007089155257333651,7826.0,7829.992493958434,108.54602626533489,629.6080384031052,338.69895599893783,626.960295018448,108.54602626533489,36.77832175423373,45.52392857142877,-6.0,3.0,5.04532872132935e-06,7723.0,11621.0,7829.780000000048,17.67076728261445,1617.8635188966007,0.030507555496733417,0.5491359989412016,0.042140924095196396,/Users/Vincent/DS9QuickLookPlugIn/subsets/230627_UA_darks/Directory_dark_05272023_g1000_minus90/EXPTIME_200.0/image000066.fits
7,image000067.fits,EXPTIME_200.0,000067,230627.2025,13.31,230627.2025,2023-06-27T20:25:38,/Users/Vincent/DS9QuickLookPlugIn/subsets/230627_UA_darks/Directory_dark_05272023_g1000_minus90/EXPTIME_200.0,True,16,2,3216,2069,True,32768,1,,"3216,2069",4.2.1,2023-05-28T01:06:18,200.0,8243,0.0,0,67,5,0,2,500,,""",",$.7,X!.7,OBJECT,7818.103307092462,7864.166272287863,0.2653455775744078,-0.02250000000003638,0.005263157894736842,7816.0,7819.959252054133,104.33920967342196,561.9189577769782,334.27035475415596,513.3478068297825,104.33920967342196,34.64340425531918,47.32698979591805,-5.0,3.0,6.334066620758002e-06,7750.0,11319.0,7816.2200000000485,17.78352159189271,1456.3542869965363,0.030845328001239184,0.5552159040223053,0.04266762265385185,/Users/Vincent/DS9QuickLookPlugIn/subsets/230627_UA_darks/Directory_dark_05272023_g1000_minus90/EXPTIME_200.0/image000067.fits
8,image000068.fits,EXPTIME_200.0,000068,230627.2025,13.31,230627.2025,2023-06-27T20:25:38,/Users/Vincent/DS9QuickLookPlugIn/subsets/230627_UA_darks/Directory_dark_05272023_g1000_minus90/EXPTIME_200.0,True,16,2,3216,2069,True,32768,1,,"3216,2069",4.2.1,2023-05-28T01:09:38,200.0,8243,0.0,0,68,5,0,2,500,,""",",$.7,X!.7,OBJECT,7830.319418763873,7875.800513426423,0.10753987433599832,-0.3625000000001819,0.0027389903329752955,7828.0,7831.87366481392,107.66037474627443,479.42856198521594,337.37247914688345,412.8647093090946,107.66037474627443,33.278528006947454,47.28857142857123,-6.0,3.0,8.701260853546859e-06,7714.0,11487.0,7829.860000000044,17.622524712296702,1561.3398720370606,0.02807668036519456,0.5053802465735021,0.039625955250425594,/Users/Vincent/DS9QuickLookPlugIn/subsets/230627_UA_darks/Directory_dark_05272023_g1000_minus90/EXPTIME_200.0/image000068.fits
9,image000036.fits,EXPTIME_50.0,000036,230627.2025,13.31,230627.2025,2023-06-27T20:25:38,/Users/Vincent/DS9QuickLookPlugIn/subsets/230627_UA_darks/Directory_dark_05272023_g1000_minus90/EXPTIME_50.0,True,16,2,3216,2069,True,32768,1,,"3216,2069",4.2.1,2023-05-28T00:32:41,50.0,8243,0.0,0,36,5,0,2,500,,""",",$.7,X!.7,OBJECT,7824.9937547986065,7843.520600429645,-0.32745287578654825,-0.5712499999990541,0.000966702470461869,7824.0,7827.706522474626,104.81313654800178,297.2914178597952,206.57613633420263,399.7282554995099,104.81313654800178,11.13185193226218,19.632091836734617,-7.0,2.0,0.0,7748.0,10327.0,7823.74000000004,17.669931577965936,1359.1083218239676,0.01,0.72,0.017746817052609012,/Users/Vincent/DS9QuickLookPlugIn/subsets/230627_UA_darks/Directory_dark_05272023_g1000_minus90/EXPTIME_50.0/image000036.fits
10,image000037.fits,EXPTIME_50.0,000037,230627.2025,13.31,230627.2025,2023-06-27T20:25:38,/Users/Vincent/DS9QuickLookPlugIn/subsets/230627_UA_darks/Directory_dark_05272023_g1000_minus90/EXPTIME_50.0,True,16,2,3216,2069,True,32768,1,,"3216,2069",4.2.1,2023-05-28T00:33:31,50.0,8243,0.0,0,37,5,0,2,500,,""",",$.7,X!.7,OBJECT,7827.281134845077,7843.99974650913,-0.690188496857445,-0.4525000000003274,0.0011815252416756176,7826.0,7830.208455775737,111.25820460905545,308.3955896512946,221.9819120322872,256.45976560552367,111.25820460905545,8.452689969604762,20.46198979591827,-7.0,2.0,1.0514380339015134e-05,7733.0,10221.0,7827.940000000042,17.50831345289392,1319.0896732633184,0.01,0.72,0.015217313648837029,/Users/Vincent/DS9QuickLookPlugIn/subsets/230627_UA_darks/Directory_dark_05272023_g1000_minus90/EXPTIME_50.0/image000037.fits
11,image000038.fits,EXPTIME_50.0,000038,230627.2025,13.31,230627.2025,2023-06-27T20:25:38,/Users/Vincent/DS9QuickLookPlugIn/subsets/230627_UA_darks/Directory_dark_05272023_g1000_minus90/EXPTIME_50.0,True,16,2,3216,2069,True,32768,1,,"3216,2069",4.2.1,2023-05-28T00:34:21,50.0,8243,0.0,0,38,5,0,2,500,,""",",$.7,X!.7,OBJECT,7824.864981391677,7842.325261546724,0.8600773320449662,-0.5587500000001455,0.0019871117009192807,7824.0,7827.566703721604,105.34650300608514,356.1082425856946,183.28539193665569,459.72373797481487,105.34650300608514,12.910623100304292,16.57423469387777,-7.0,2.0,0.0,7715.0,10221.0,7824.34000000004,17.601349109176773,1269.5753784029155,0.01,0.72,0.014819439211171386,/Users/Vincent/DS9QuickLookPlugIn/subsets/230627_UA_darks/Directory_dark_05272023_g1000_minus90/EXPTIME_50.0/image000038.fits
12,image000046.fits,EXPTIME_100.0,000046,230627.2025,13.31,230627.2025,2023-06-27T20:25:38,/Users/Vincent/DS9QuickLookPlugIn/subsets/230627_UA_darks/Directory_dark_05272023_g1000_minus90_r2/EXPTIME_100.0,True,16,2,3216,2069,True,32768,1,,"3216,2069",4.2.1,2023-05-28T01:48:31,100.0,8243,0.0,0,46,5,0,2,500,,""",",$.7,X!.7,OBJECT,7811.678884945737,7840.0853576799145,-0.33397776703623094,0.07874999999967258,0.003114931855495089,7810.0,7814.211586515225,104.11125942088648,434.9676082866887,245.99762523017444,294.64010425204583,104.11125942088648,16.416806339557297,28.823112244897857,-6.0,3.0,5.285501091577258e-06,7748.0,10718.0,7813.100000000042,17.76460080577408,1404.017692633721,0.01714455253344072,0.6172038912038659,0.02639668112174056,/Users/Vincent/DS9QuickLookPlugIn/subsets/230627_UA_darks/Directory_dark_05272023_g1000_minus90_r2/EXPTIME_100.0/image000046.fits
13,image000047.fits,EXPTIME_100.0,000047,230627.2025,13.31,230627.2025,2023-06-27T20:25:38,/Users/Vincent/DS9QuickLookPlugIn/subsets/230627_UA_darks/Directory_dark_05272023_g1000_minus90_r2/EXPTIME_100.0,True,16,2,3216,2069,True,32768,1,,"3216,2069",4.2.1,2023-05-28T01:50:11,100.0,8243,0.0,0,47,5,0,2,500,,""",",$.7,X!.7,OBJECT,7814.89340627295,7842.711962406015,-0.23392943451017345,0.08374999999978172,0.0020945220193340493,7813.0,7817.273037699371,100.04083932123267,392.21385273345476,259.5138791358916,242.87228396727298,100.04083932123267,17.18850629613553,29.864642857142826,-6.0,3.0,6.500610467166635e-06,7747.0,10730.0,7815.820000000043,17.579188336165508,1456.510084936837,0.016687076032292754,0.6007347371625391,0.026218815403286997,/Users/Vincent/DS9QuickLookPlugIn/subsets/230627_UA_darks/Directory_dark_05272023_g1000_minus90_r2/EXPTIME_100.0/image000047.fits
14,image000048.fits,EXPTIME_100.0,000048,230627.2025,13.31,230627.2025,2023-06-27T20:25:38,/Users/Vincent/DS9QuickLookPlugIn/subsets/230627_UA_darks/Directory_dark_05272023_g1000_minus90_r2/EXPTIME_100.0,True,16,2,3216,2069,True,32768,1,,"3216,2069",4.2.1,2023-05-28T01:51:51,100.0,8243,0.0,0,48,5,0,2,500,,""",",$.7,X!.7,OBJECT,7821.586565957983,7850.680566595059,-0.3262445625896362,0.006250000000363798,0.0034371643394199786,7820.0,7824.05616118898,106.08734791428631,461.23117135445455,251.56650084259329,481.8380717271991,106.08734791428631,20.440414676509135,27.70086734693905,-7.0,3.0,4.700701771921492e-06,7747.0,10876.0,7821.860000000044,17.640285415202467,1478.3564664944467,0.014770710675456173,0.5317455843164223,0.02440603124021197,/Users/Vincent/DS9QuickLookPlugIn/subsets/230627_UA_darks/Directory_dark_05272023_g1000_minus90_r2/EXPTIME_100.0/image000048.fits
15,image000056.fits,EXPTIME_150.0,000056,230627.2025,13.31,230627.2025,2023-06-27T20:25:38,/Users/Vincent/DS9QuickLookPlugIn/subsets/230627_UA_darks/Directory_dark_05272023_g1000_minus90_r2/EXPTIME_150.0,True,16,2,3216,2069,True,32768,1,,"3216,2069",4.2.1,2023-05-28T01:58:37,150.0,8243,0.0,0,56,5,0,2,500,,""",",$.7,X!.7,OBJECT,7821.210617090889,7860.365144468314,0.019091348476649728,-0.2975000000005821,0.003329754742080957,7819.0,7823.367077090382,108.15885744195083,474.21839306367394,278.83551427301717,276.22793909983903,108.15885744195083,23.29408814589624,37.84928571428554,-6.0,3.0,8.893510181295037e-06,7744.0,11238.002000000095,7822.100000000042,17.58297872207673,1513.5220202405849,0.024265539490312415,0.5823729477674979,0.03472541353759783,/Users/Vincent/DS9QuickLookPlugIn/subsets/230627_UA_darks/Directory_dark_05272023_g1000_minus90_r2/EXPTIME_150.0/image000056.fits
16,image000057.fits,EXPTIME_150.0,000057,230627.2025,13.31,230627.2025,2023-06-27T20:25:38,/Users/Vincent/DS9QuickLookPlugIn/subsets/230627_UA_darks/Directory_dark_05272023_g1000_minus90_r2/EXPTIME_150.0,True,16,2,3216,2069,True,32768,1,,"3216,2069",4.2.1,2023-05-28T02:01:07,150.0,8243,0.0,0,57,5,0,2,500,,""",",$.7,X!.7,OBJECT,7821.46023703611,7858.650793233082,-0.42460125664547377,-0.10750000000007276,0.0063372717508055855,7820.0,7823.591175688738,106.66714311444846,574.7656000944634,499.4111101470064,529.0918772706228,106.66714311444846,25.907053842814094,36.03642857142859,-6.0,2.0,3.027042125764396e-06,7745.0,11139.0,7822.020000000046,17.685539466310583,1519.3019614279792,0.019777760586062718,0.4746662540655052,0.03023456509175658,/Users/Vincent/DS9QuickLookPlugIn/subsets/230627_UA_darks/Directory_dark_05272023_g1000_minus90_r2/EXPTIME_150.0/image000057.fits
17,image000058.fits,EXPTIME_150.0,000058,230627.2025,13.31,230627.2025,2023-06-27T20:25:38,/Users/Vincent/DS9QuickLookPlugIn/subsets/230627_UA_darks/Directory_dark_05272023_g1000_minus90_r2/EXPTIME_150.0,True,16,2,3216,2069,True,32768,1,,"3216,2069",4.2.1,2023-05-28T02:03:37,150.0,8243,0.0,0,58,5,0,2,500,,""",",$.7,X!.7,OBJECT,7814.576442044879,7851.570049409237,0.11092315128189512,-0.23999999999978172,0.0038131062368991606,7813.0,7816.691249395843,106.40747572912409,498.8719038390706,259.14174401510184,492.0065379854816,106.40747572912409,27.286198436821905,33.542602040816746,-6.0,2.0,4.018110807698919e-06,7749.0,11054.0,7814.820000000043,17.677806631920536,1437.1923277228998,0.02354713663034242,0.5651312791282181,0.033846414059125675,/Users/Vincent/DS9QuickLookPlugIn/subsets/230627_UA_darks/Directory_dark_05272023_g1000_minus90_r2/EXPTIME_150.0/image000058.fits
18,image000066.fits,EXPTIME_200.0,000066,230627.2025,13.31,230627.2025,2023-06-27T20:25:38,/Users/Vincent/DS9QuickLookPlugIn/subsets/230627_UA_darks/Directory_dark_05272023_g1000_minus90_r2/EXPTIME_200.0,True,16,2,3216,2069,True,32768,1,,"3216,2069",4.2.1,2023-05-28T02:12:53,200.0,8243,0.0,0,66,5,0,2,500,,""",",$.7,X!.7,OBJECT,7821.261176460395,7869.791967239527,0.273320444658566,-0.21875,0.0038668119585456274,7819.0,7823.060789028516,111.30872290193994,524.9827558111432,372.7650714596111,397.091348632648,111.30872290193994,33.13588145896665,54.082806122449256,-6.0,4.0,7.2567125288690186e-06,7737.0,11568.0,7820.100000000042,17.700105574689932,1549.2955824062822,0.031976462783905674,0.5755763301103021,0.04391554032354346,/Users/Vincent/DS9QuickLookPlugIn/subsets/230627_UA_darks/Directory_dark_05272023_g1000_minus90_r2/EXPTIME_200.0/image000066.fits
19,image000067.fits,EXPTIME_200.0,000067,230627.2025,13.31,230627.2025,2023-06-27T20:25:38,/Users/Vincent/DS9QuickLookPlugIn/subsets/230627_UA_darks/Directory_dark_05272023_g1000_minus90_r2/EXPTIME_200.0,True,16,2,3216,2069,True,32768,1,,"3216,2069",4.2.1,2023-05-28T02:16:13,200.0,8243,0.0,0,67,5,0,2,500,,""",",$.7,X!.7,OBJECT,7820.1738717083,7862.527959183673,0.1698888351857022,0.17374999999992724,0.004027926960257788,7818.0,7822.028565732237,105.64445480445164,514.4031374857989,315.5122909776296,425.473259095869,105.64445480445164,30.71723838471553,43.61454081632655,-5.0,3.0,7.558276545964154e-06,7751.0,11319.0,7819.940000000042,17.628900021793605,1501.071875927344,0.026332343256240398,0.47398217861232717,0.03743531818745204,/Users/Vincent/DS9QuickLookPlugIn/subsets/230627_UA_darks/Directory_dark_05272023_g1000_minus90_r2/EXPTIME_200.0/image000067.fits
20,image000068.fits,EXPTIME_200.0,000068,230627.2025,13.31,230627.2025,2023-06-27T20:25:38,/Users/Vincent/DS9QuickLookPlugIn/subsets/230627_UA_darks/Directory_dark_05272023_g1000_minus90_r2/EXPTIME_200.0,True,16,2,3216,2069,True,32768,1,,"3216,2069",4.2.1,2023-05-28T02:19:33,200.0,8243,0.0,0,68,5,0,2,500,,""",",$.7,X!.7,OBJECT,7820.02556465232,7870.291752416756,-0.16070565490554145,-0.09874999999919964,0.006981740064446832,7818.0,7821.7610258579025,106.64586691600897,626.5926849104769,335.85103116815236,614.8299947975378,106.64586691600897,38.920881458966505,48.98515306122408,-6.0,3.0,5.094004857545653e-06,7748.0,11526.002000000095,7821.340000000047,17.713720966586028,1549.4781651627043,0.03161998169509869,0.5691596705117764,0.0435029304061369,/Users/Vincent/DS9QuickLookPlugIn/subsets/230627_UA_darks/Directory_dark_05272023_g1000_minus90_r2/EXPTIME_200.0/image000068.fits
21,image000036.fits,EXPTIME_50.0,000036,230627.2025,13.31,230627.2025,2023-06-27T20:25:38,/Users/Vincent/DS9QuickLookPlugIn/subsets/230627_UA_darks/Directory_dark_05272023_g1000_minus90_r2/EXPTIME_50.0,True,16,2,3216,2069,True,32768,1,,"3216,2069",4.2.1,2023-05-28T01:42:35,50.0,8243,0.0,0,36,5,0,2,500,,""",",$.7,X!.7,OBJECT,7811.867080437958,7831.140686895811,-0.15176413726476312,0.15250000000014552,0.0014500544844546104,7811.0,7814.610749154181,103.6842622403057,324.64672284091097,1363.2757254422456,447.08904178446994,103.6842622403057,12.493627876682694,70.73602040816331,-7.0,2.0,0.0,7736.0,10293.002000000095,7812.220000000041,17.639676163764225,1300.1645633745327,0.01040031740289324,0.7488228530083133,0.01861181125102346,/Users/Vincent/DS9QuickLookPlugIn/subsets/230627_UA_darks/Directory_dark_05272023_g1000_minus90_r2/EXPTIME_50.0/image000036.fits
22,image000037.fits,EXPTIME_50.0,000037,230627.2025,13.31,230627.2025,2023-06-27T20:25:38,/Users/Vincent/DS9QuickLookPlugIn/subsets/230627_UA_darks/Directory_dark_05272023_g1000_minus90_r2/EXPTIME_50.0,True,16,2,3216,2069,True,32768,1,,"3216,2069",4.2.1,2023-05-28T01:43:25,50.0,8243,0.0,0,37,5,0,2,500,,""",",$.7,X!.7,OBJECT,7814.407156252458,7832.017620837809,0.49033349444198393,-0.5662499999998545,0.0011815252416756176,7813.0,7817.496375060416,108.18315570260141,299.987188537633,187.29467108863014,238.60893471849718,108.18315570260141,9.76410334346474,18.512704081632364,-7.0,3.0,1.1112060169117152e-05,7749.0,10199.0,7814.7400000000325,17.659854256704286,1274.1929140840284,0.01,0.72,0.016361735234237642,/Users/Vincent/DS9QuickLookPlugIn/subsets/230627_UA_darks/Directory_dark_05272023_g1000_minus90_r2/EXPTIME_50.0/image000037.fits
23,image000038.fits,EXPTIME_50.0,000038,230627.2025,13.31,230627.2025,2023-06-27T20:25:38,/Users/Vincent/DS9QuickLookPlugIn/subsets/230627_UA_darks/Directory_dark_05272023_g1000_minus90_r2/EXPTIME_50.0,True,16,2,3216,2069,True,32768,1,,"3216,2069",4.2.1,2023-05-28T01:44:15,50.0,8243,0.0,0,38,5,0,2,500,,""",",$.7,X!.7,OBJECT,7819.270252588341,7836.52068528464,0.2636539391005499,-0.15124999999989086,0.0010204081632653062,7818.0,7821.904267762204,104.75379615900518,303.8087937090609,218.05825418927617,477.32947223956774,104.75379615900518,13.171747720364692,20.155918367347113,-7.0,2.0,1.0834261642173796e-05,7746.0,10233.0,7819.020000000033,17.533437575514988,1289.2675244813938,0.01,0.72,0.0158759784261651,/Users/Vincent/DS9QuickLookPlugIn/subsets/230627_UA_darks/Directory_dark_05272023_g1000_minus90_r2/EXPTIME_50.0/image000038.fits
24,image000026.fits,EXPTIME_120.0,000026,230627.2025,13.31,230627.2025,2023-06-27T20:25:38,/Users/Vincent/DS9QuickLookPlugIn/subsets/230627_UA_darks/Directory_dark_05282023_g1000_minus110_long/EXPTIME_120.0,True,16,2,3216,2069,True,32768,1,,"3216,2069",4.2.1,2023-05-28T09:13:51,120.0,7820,0.0,0,26,5,0,2,500,,?l,0 m/,m/,OBJECT,7978.237516714209,7991.341439312567,0.47510874818726734,-0.27000000000043656,0.002900107411385607,7978.0,7980.070346785887,77.92603473277774,378.0059209540754,165.87423592194943,233.9543115741557,77.92603473277774,-8.033990447243013,23.540408163265056,-21.0,11.0,0.0,7917.0,9670.0,7979.660000000029,20.195940963151717,652.0826820230936,0.01,0.3,0.016438999825378733,/Users/Vincent/DS9QuickLookPlugIn/subsets/230627_UA_darks/Directory_dark_05282023_g1000_minus110_long/EXPTIME_120.0/image000026.fits
25,image000027.fits,EXPTIME_120.0,000027,230627.2025,13.31,230627.2025,2023-06-27T20:25:38,/Users/Vincent/DS9QuickLookPlugIn/subsets/230627_UA_darks/Directory_dark_05282023_g1000_minus110_long/EXPTIME_120.0,True,16,2,3216,2069,True,32768,1,,"3216,2069",4.2.1,2023-05-28T09:15:51,120.0,7820,0.0,0,27,5,0,2,500,,?l,0 m/,m/,OBJECT,7982.159398684088,7993.768833512352,0.0732237796037225,-0.31999999999970896,0.002524167561761547,7982.0,7984.363531899468,83.41466165819304,353.00532716177236,132.19425113216064,321.1693830184029,83.41466165819304,-7.026471993052837,21.309489795918125,-21.0,11.0,0.0,7921.0,9562.0,7984.900000000027,20.23896562157308,664.9242487201672,0.01,0.3,0.015542163339788884,/Users/Vincent/DS9QuickLookPlugIn/subsets/230627_UA_darks/Directory_dark_05282023_g1000_minus110_long/EXPTIME_120.0/image000027.fits
26,image000028.fits,EXPTIME_120.0,000028,230627.2025,13.31,230627.2025,2023-06-27T20:25:38,/Users/Vincent/DS9QuickLookPlugIn/subsets/230627_UA_darks/Directory_dark_05282023_g1000_minus110_long/EXPTIME_120.0,True,16,2,3216,2069,True,32768,1,,"3216,2069",4.2.1,2023-05-28T09:17:51,120.0,7820,0.0,0,28,5,0,2,500,,?l,0 m/,m/,OBJECT,7988.640341221115,7999.475367346939,-0.36321894635148055,-0.23625000000083674,0.0018259935553168636,7989.0,7991.023702271629,85.18000743894369,305.502717854765,135.89241511285346,365.08084462613357,85.18000743894369,-7.1812006079026105,21.58071428571384,-21.0,11.0,-1.0714449038843783e-05,7928.0,9550.0,7991.140000000019,20.34762556469986,628.3914797235512,0.01,0.3,0.01538580469109166,/Users/Vincent/DS9QuickLookPlugIn/subsets/230627_UA_darks/Directory_dark_05282023_g1000_minus110_long/EXPTIME_120.0/image000028.fits
27,image000016.fits,EXPTIME_30.0,000016,230627.2025,13.31,230627.2025,2023-06-27T20:25:38,/Users/Vincent/DS9QuickLookPlugIn/subsets/230627_UA_darks/Directory_dark_05282023_g1000_minus110_long/EXPTIME_30.0,True,16,2,3216,2069,True,32768,1,,"3216,2069",4.2.1,2023-05-28T09:08:55,30.0,7820,0.0,0,16,5,0,2,500,,?l,0 m/,m/,OBJECT,7982.505208666779,7990.13288990333,0.018366360560321482,-0.9524999999994179,0.0,7983.0,7985.001447559207,84.67257653938242,132.45968126324144,144.8562932620671,128.81034510988346,84.67257653938242,-11.975010855406254,20.904081632653288,-21.0,10.0,-5.6994452835887105e-05,7925.0,9336.002000000095,7983.780000000015,20.102116945080866,588.3472219890213,0.01,1.2,0.013271232758964855,/Users/Vincent/DS9QuickLookPlugIn/subsets/230627_UA_darks/Directory_dark_05282023_g1000_minus110_long/EXPTIME_30.0/image000016.fits
28,image000017.fits,EXPTIME_30.0,000017,230627.2025,13.31,230627.2025,2023-06-27T20:25:38,/Users/Vincent/DS9QuickLookPlugIn/subsets/230627_UA_darks/Directory_dark_05282023_g1000_minus110_long/EXPTIME_30.0,True,16,2,3216,2069,True,32768,1,,"3216,2069",4.2.1,2023-05-28T09:09:25,30.0,7820,0.0,0,17,5,0,2,500,,?l,0 m/,m/,OBJECT,7984.3937762536225,7992.6542862513425,-0.0019333011123308097,0.03625000000010914,0.000966702470461869,7985.0,7987.430878443693,85.03703571438803,237.10251252348016,110.92170294254171,131.5342878071941,85.03703571438803,-10.412147199304854,18.27142857142826,-19.0,10.0,-1.7788023222215962e-05,7930.0,9285.0,7988.260000000018,20.121760196179856,551.1093095709141,0.01,1.2,0.011900295501022982,/Users/Vincent/DS9QuickLookPlugIn/subsets/230627_UA_darks/Directory_dark_05282023_g1000_minus110_long/EXPTIME_30.0/image000017.fits
29,image000018.fits,EXPTIME_30.0,000018,230627.2025,13.31,230627.2025,2023-06-27T20:25:38,/Users/Vincent/DS9QuickLookPlugIn/subsets/230627_UA_darks/Directory_dark_05282023_g1000_minus110_long/EXPTIME_30.0,True,16,2,3216,2069,True,32768,1,,"3216,2069",4.2.1,2023-05-28T09:09:55,30.0,7820,0.0,0,18,5,0,2,500,,?l,0 m/,m/,OBJECT,7987.000528020939,7994.714522556391,-0.09134847752466158,0.11750000000029104,0.0004833512352309345,7987.0,7989.899145722571,85.78640322337742,190.54612027012675,107.0397951364685,125.66715779107327,85.78640322337742,-9.975453755970193,18.237142857143226,-19.0,10.0,0.0,7933.0,9289.0,7987.940000000017,19.947646179671608,578.2659538312129,0.01,1.2,0.01237607337898065,/Users/Vincent/DS9QuickLookPlugIn/subsets/230627_UA_darks/Directory_dark_05282023_g1000_minus110_long/EXPTIME_30.0/image000018.fits
30,image000046.fits,EXPTIME_100.0,000046,230627.2025,13.31,230627.2025,2023-06-27T20:25:39,/Users/Vincent/DS9QuickLookPlugIn/subsets/230627_UA_darks/Directory_dark_05282023_g1000_minus120/EXPTIME_100.0,True,16,2,3216,2069,True,32768,1,,"3216,2069",4.2.1,2023-05-28T23:05:47,100.0,7795,0.0,0,46,5,0,2,500,,v,v_},r_},OBJECT,8048.333089854075,8072.5298007518795,0.20879652005805838,-0.2912499999993088,0.002631578947368421,8047.0,8053.150550990817,103.47799501269436,393.90669349971796,213.36042554233606,438.91788225921323,103.47799501269436,13.569374728615003,35.14352040816357,-14.0,12.0,6.444856897623345e-06,7999.0,10238.0,8047.860000000039,19.888262853153975,707.5735487188338,0.020850544410929928,0.7506195987934774,0.034695271557718926,/Users/Vincent/DS9QuickLookPlugIn/subsets/230627_UA_darks/Directory_dark_05282023_g1000_minus120/EXPTIME_100.0/image000046.fits
31,image000047.fits,EXPTIME_100.0,000047,230627.2025,13.31,230627.2025,2023-06-27T20:25:39,/Users/Vincent/DS9QuickLookPlugIn/subsets/230627_UA_darks/Directory_dark_05282023_g1000_minus120/EXPTIME_100.0,True,16,2,3216,2069,True,32768,1,,"3216,2069",4.2.1,2023-05-28T23:07:27,100.0,7795,0.0,0,47,5,0,2,500,,v,v_},r_},OBJECT,8047.721551296168,8070.189470461869,0.4202513291447758,0.964999999999236,0.0021482277121374865,8047.0,8052.731233687772,109.3056627686413,356.6422813196676,166.31477716509474,327.2650797416188,109.3056627686413,9.002153712548534,31.66872448979575,-16.0,11.0,0.0,7996.0,10153.0,8048.340000000027,20.11245243362984,683.1557214652637,0.01891415869619323,0.6809097130629563,0.03243999887255398,/Users/Vincent/DS9QuickLookPlugIn/subsets/230627_UA_darks/Directory_dark_05282023_g1000_minus120/EXPTIME_100.0/image000047.fits
32,image000048.fits,EXPTIME_100.0,000048,230627.2025,13.31,230627.2025,2023-06-27T20:25:39,/Users/Vincent/DS9QuickLookPlugIn/subsets/230627_UA_darks/Directory_dark_05282023_g1000_minus120/EXPTIME_100.0,True,16,2,3216,2069,True,32768,1,,"3216,2069",4.2.1,2023-05-28T23:09:07,100.0,7795,0.0,0,48,5,0,2,500,,v,v_},r_},OBJECT,8051.8651236111255,8085.005397422126,-0.01546640889318951,-0.17624999999952706,0.010257787325456498,8051.0,8057.165194538425,107.96640914273415,698.0081078697123,162.09349928382855,457.6979605190052,107.96640914273415,12.373393399912857,27.968214285714566,-15.0,11.0,0.0,8001.0,10567.0,8053.820000000049,20.009211349503868,759.1557641290949,0.023199751456619067,0.8351910524382863,0.03461177179036409,/Users/Vincent/DS9QuickLookPlugIn/subsets/230627_UA_darks/Directory_dark_05282023_g1000_minus120/EXPTIME_100.0/image000048.fits
33,image000056.fits,EXPTIME_150.0,000056,230627.2025,13.31,230627.2025,2023-06-27T20:25:39,/Users/Vincent/DS9QuickLookPlugIn/subsets/230627_UA_darks/Directory_dark_05282023_g1000_minus120/EXPTIME_150.0,True,16,2,3216,2069,True,32768,1,,"3216,2069",4.2.1,2023-05-28T23:15:53,150.0,7795,0.0,0,56,5,0,2,500,,v,v_},r_},OBJECT,8050.790987161152,8078.93499838883,-0.2665538907685914,0.5749999999998181,0.00472610096670247,8050.0,8055.681036732721,112.65793206351496,491.59313182509453,1097.0919038748061,447.40005145421463,112.65793206351496,13.892342596613162,67.58183673469375,-16.0,11.0,0.0,7999.0,10390.002000000095,8052.340000000047,20.145162021630885,772.2502726792884,0.02355426151952538,0.5653022764686092,0.038397521776696884,/Users/Vincent/DS9QuickLookPlugIn/subsets/230627_UA_darks/Directory_dark_05282023_g1000_minus120/EXPTIME_150.0/image000056.fits
34,image000057.fits,EXPTIME_150.0,000057,230627.2025,13.31,230627.2025,2023-06-27T20:25:39,/Users/Vincent/DS9QuickLookPlugIn/subsets/230627_UA_darks/Directory_dark_05282023_g1000_minus120/EXPTIME_150.0,True,16,2,3216,2069,True,32768,1,,"3216,2069",4.2.1,2023-05-28T23:18:23,150.0,7795,0.0,0,57,5,0,2,500,,v,v_},r_},OBJECT,8051.066619917976,8084.193926960258,-0.5360077332043147,0.15625,0.008485499462943072,8050.0,8055.893229821169,104.11604919248643,659.2971932710333,195.0167126854849,327.245540995329,104.11604919248643,10.664242292661584,36.91801020408184,-15.0,12.0,2.3005810926741146e-06,8000.0,10607.0,8051.7400000000525,20.00363802851632,979.1515342995899,0.020536685913752,0.492880461930048,0.038940174703395246,/Users/Vincent/DS9QuickLookPlugIn/subsets/230627_UA_darks/Directory_dark_05282023_g1000_minus120/EXPTIME_150.0/image000057.fits
35,image000058.fits,EXPTIME_150.0,000058,230627.2025,13.31,230627.2025,2023-06-27T20:25:39,/Users/Vincent/DS9QuickLookPlugIn/subsets/230627_UA_darks/Directory_dark_05282023_g1000_minus120/EXPTIME_150.0,True,16,2,3216,2069,True,32768,1,,"3216,2069",4.2.1,2023-05-28T23:20:53,150.0,7795,0.0,0,58,5,0,2,500,,v,v_},r_},OBJECT,8048.778553524035,8076.987298066595,0.19768003866556683,-0.1000000000003638,0.006552094522019334,8048.0,8053.463449734171,108.36253735792377,553.6435264437152,192.73732792042154,600.9116618772784,108.36253735792377,16.0305514546244,32.70423469387788,-16.0,11.0,0.0,7997.0,10440.0,8050.900000000047,20.070282200346377,831.8588768999081,0.02167490952842831,0.5201978286822795,0.03694697873158671,/Users/Vincent/DS9QuickLookPlugIn/subsets/230627_UA_darks/Directory_dark_05282023_g1000_minus120/EXPTIME_150.0/image000058.fits
36,image000066.fits,EXPTIME_200.0,000066,230627.2025,13.31,230627.2025,2023-06-27T20:25:39,/Users/Vincent/DS9QuickLookPlugIn/subsets/230627_UA_darks/Directory_dark_05282023_g1000_minus120/EXPTIME_200.0,True,16,2,3216,2069,True,32768,1,,"3216,2069",4.2.1,2023-05-28T23:30:09,200.0,7795,0.0,0,66,5,0,2,500,,v,v_},r_},OBJECT,8053.347138616493,8086.480343716434,-0.1684388593530457,-0.33250000000043656,0.007089151450053705,8052.0,8058.056756887385,109.58745430104231,594.1451597869586,241.2751987084561,572.949090835153,109.58745430104231,19.281506730351794,41.30433673469361,-15.0,12.0,2.8327932116059003e-06,8001.0,10601.002000000095,8052.820000000043,19.99420616692778,846.2071921077475,0.02535196275154825,0.4563353295278685,0.042559332088064575,/Users/Vincent/DS9QuickLookPlugIn/subsets/230627_UA_darks/Directory_dark_05282023_g1000_minus120/EXPTIME_200.0/image000066.fits
37,image000067.fits,EXPTIME_200.0,000067,230627.2025,13.31,230627.2025,2023-06-27T20:25:39,/Users/Vincent/DS9QuickLookPlugIn/subsets/230627_UA_darks/Directory_dark_05282023_g1000_minus120/EXPTIME_200.0,True,16,2,3216,2069,True,32768,1,,"3216,2069",4.2.1,2023-05-28T23:33:29,200.0,7795,0.0,0,67,5,0,2,500,,v,v_},r_},OBJECT,8049.482743281607,8080.714996777659,0.18656355727398477,0.36999999999989086,0.00719656283566058,8048.0,8054.127926534557,108.25535690397665,594.2182435219237,192.3164417815298,762.5141764298746,108.25535690397665,23.863321754233766,33.5820408163263,-16.0,12.0,2.832096436038938e-06,7997.0,10548.002000000095,8051.060000000054,20.07326152119755,871.1571534248259,0.02327858219602752,0.41901447952849535,0.03901504297725742,/Users/Vincent/DS9QuickLookPlugIn/subsets/230627_UA_darks/Directory_dark_05282023_g1000_minus120/EXPTIME_200.0/image000067.fits
38,image000068.fits,EXPTIME_200.0,000068,230627.2025,13.31,230627.2025,2023-06-27T20:25:39,/Users/Vincent/DS9QuickLookPlugIn/subsets/230627_UA_darks/Directory_dark_05282023_g1000_minus120/EXPTIME_200.0,True,16,2,3216,2069,True,32768,1,,"3216,2069",4.2.1,2023-05-28T23:36:49,200.0,7795,0.0,0,68,5,0,2,500,,v,v_},r_},OBJECT,8054.11618367401,8090.840450053705,-0.06935717737906089,-0.2974999999996726,0.01100966702470462,8053.0,8059.01380497825,108.91550017532595,714.2589906386577,197.22158079472925,747.1006174388336,108.91550017532595,24.446126791141978,34.551581632653324,-15.0,11.0,1.9601466676059314e-06,8001.0,10769.0,8053.780000000053,20.03022144360787,970.8158655718228,0.025385304331048478,0.4569354779588726,0.043239307762240026,/Users/Vincent/DS9QuickLookPlugIn/subsets/230627_UA_darks/Directory_dark_05282023_g1000_minus120/EXPTIME_200.0/image000068.fits
39,image000036.fits,EXPTIME_50.0,000036,230627.2025,13.31,230627.2025,2023-06-27T20:25:38,/Users/Vincent/DS9QuickLookPlugIn/subsets/230627_UA_darks/Directory_dark_05282023_g1000_minus120/EXPTIME_50.0,True,16,2,3216,2069,True,32768,1,,"3216,2069",4.2.1,2023-05-28T22:59:52,50.0,7795,0.0,0,36,5,0,2,500,,v,v_},r_},OBJECT,8049.450667463732,8070.313357142857,0.2873368777181895,0.2712499999997817,0.0013963480128893662,8048.0,8055.398168197196,110.78608625069303,313.66920269228297,173.86022088228634,358.03322232345545,110.78608625069303,11.388280503691021,28.885612244897857,-10.0,10.0,1.0163803029097178e-05,8006.0,10029.0,8049.660000000029,19.354562866797924,675.5523090991544,0.01763496893188771,1.269717763095915,0.03142838174287301,/Users/Vincent/DS9QuickLookPlugIn/subsets/230627_UA_darks/Directory_dark_05282023_g1000_minus120/EXPTIME_50.0/image000036.fits
40,image000037.fits,EXPTIME_50.0,000037,230627.2025,13.31,230627.2025,2023-06-27T20:25:38,/Users/Vincent/DS9QuickLookPlugIn/subsets/230627_UA_darks/Directory_dark_05282023_g1000_minus120/EXPTIME_50.0,True,16,2,3216,2069,True,32768,1,,"3216,2069",4.2.1,2023-05-28T23:00:42,50.0,7795,0.0,0,37,5,0,2,500,,v,v_},r_},OBJECT,8049.982028566381,8068.549299677766,-0.3813436442724196,0.43249999999898137,0.0008055853920515575,8049.0,8055.374613339778,105.86602174886296,266.0037938667354,184.6854376955888,264.4081758597652,105.86602174886296,8.709643942683215,26.781071428571522,-11.0,10.0,0.0,8005.0,9941.0,8051.100000000017,19.27823740831536,662.3734032111272,0.015223076353999426,1.0960614974879586,0.028608749738499504,/Users/Vincent/DS9QuickLookPlugIn/subsets/230627_UA_darks/Directory_dark_05282023_g1000_minus120/EXPTIME_50.0/image000037.fits
41,image000038.fits,EXPTIME_50.0,000038,230627.2025,13.31,230627.2025,2023-06-27T20:25:38,/Users/Vincent/DS9QuickLookPlugIn/subsets/230627_UA_darks/Directory_dark_05282023_g1000_minus120/EXPTIME_50.0,True,16,2,3216,2069,True,32768,1,,"3216,2069",4.2.1,2023-05-28T23:01:32,50.0,7795,0.0,0,38,5,0,2,500,,v,v_},r_},OBJECT,8050.772891458549,8069.022287325456,0.13823102948299493,-0.25749999999970896,0.0007518796992481203,8050.0,8056.745358869019,109.11169097040091,258.7533330577093,1055.6347452293937,180.09825637867473,109.11169097040091,7.348115501519715,57.72693877551046,-12.0,10.0,0.0,8006.0,9904.0,8050.660000000016,19.53030916878383,637.4489247960231,0.015541765250808224,1.119007098058192,0.028824730077822016,/Users/Vincent/DS9QuickLookPlugIn/subsets/230627_UA_darks/Directory_dark_05282023_g1000_minus120/EXPTIME_50.0/image000038.fits
42,image000046.fits,EXPTIME_100.0,000046,230627.2025,13.31,230627.2025,2023-06-27T20:25:39,/Users/Vincent/DS9QuickLookPlugIn/subsets/230627_UA_darks/Directory_dark_05282023_g1000_minus130/EXPTIME_100.0,True,16,2,3216,2069,True,32768,1,,"3216,2069",4.2.1,2023-05-29T01:46:08,100.0,7780,0.0,0,46,5,0,2,500,,"&`,l",y,y,OBJECT,8110.205502146529,8151.265019871106,-0.44514258095750847,0.3249999999998181,0.0034371643394199786,8108.0,8120.074560173997,145.48831152607403,484.6793824293702,253.11864652699626,250.9126675065954,145.48831152607403,34.13458532349068,40.746122448979804,-1.0,5.0,8.513750209354928e-06,8061.0,10910.0,8108.180000000046,18.60053659715614,808.093648078261,0.028233085358799655,1.0163910729167875,0.06283245315670061,/Users/Vincent/DS9QuickLookPlugIn/subsets/230627_UA_darks/Directory_dark_05282023_g1000_minus130/EXPTIME_100.0/image000046.fits
43,image000047.fits,EXPTIME_100.0,000047,230627.2025,13.31,230627.2025,2023-06-27T20:25:39,/Users/Vincent/DS9QuickLookPlugIn/subsets/230627_UA_darks/Directory_dark_05282023_g1000_minus130/EXPTIME_100.0,True,16,2,3216,2069,True,32768,1,,"3216,2069",4.2.1,2023-05-29T01:47:48,100.0,7780,0.0,0,47,5,0,2,500,,"&`,l",y,y,OBJECT,8109.4048916444735,8147.213728249194,0.33784436925998307,0.0874999999996362,0.001987110633727175,8107.0,8118.9319683421945,143.75163820956357,384.8991697014742,224.5263474656496,415.7704143527652,143.75163820956357,38.81303300043419,36.84137755102074,-2.0,5.0,1.3500070832860574e-05,8061.0,10786.0,8105.700000000044,18.636784732070236,773.67803517012,0.026363043088818653,0.9490695511974715,0.06089460478526851,/Users/Vincent/DS9QuickLookPlugIn/subsets/230627_UA_darks/Directory_dark_05282023_g1000_minus130/EXPTIME_100.0/image000047.fits
44,image000048.fits,EXPTIME_100.0,000048,230627.2025,13.31,230627.2025,2023-06-27T20:25:39,/Users/Vincent/DS9QuickLookPlugIn/subsets/230627_UA_darks/Directory_dark_05282023_g1000_minus130/EXPTIME_100.0,True,16,2,3216,2069,True,32768,1,,"3216,2069",4.2.1,2023-05-29T01:49:28,100.0,7780,0.0,0,48,5,0,2,500,,"&`,l",y,y,OBJECT,8105.771005747702,8143.988232008593,0.08216529724541033,-0.3024999999997817,0.0031686358754027927,8103.0,8114.88276099565,138.98723711295855,455.0489103125723,296.4258997187153,343.85390097639845,138.98723711295855,35.96727746417673,50.244336734694116,-2.0,7.0,9.658592385226406e-06,8059.0,10757.002000000095,8104.100000000042,18.73466613146884,798.9746927622166,0.025821949069493196,0.929590166501755,0.0579454584055272,/Users/Vincent/DS9QuickLookPlugIn/subsets/230627_UA_darks/Directory_dark_05282023_g1000_minus130/EXPTIME_100.0/image000048.fits
45,image000056.fits,EXPTIME_150.0,000056,230627.2025,13.31,230627.2025,2023-06-27T20:25:39,/Users/Vincent/DS9QuickLookPlugIn/subsets/230627_UA_darks/Directory_dark_05282023_g1000_minus130/EXPTIME_150.0,True,16,2,3216,2069,True,32768,1,,"3216,2069",4.2.1,2023-05-29T01:56:14,150.0,7780,0.0,0,56,5,0,2,500,,"&`,l",y,y,OBJECT,8107.557217923799,8162.8787524167565,-0.1515224746253807,-0.7199999999993452,0.012030075187969926,8105.0,8116.844857419043,137.145845521581,800.7089105940536,1481.308923514783,629.0305005030727,137.145845521581,44.17603126356971,113.54229591836702,-3.0,7.0,3.119468988929913e-06,8060.0,11386.002000000095,8103.940000000055,18.782988861275793,924.2322019750609,0.0317697617986407,0.7624742831673769,0.06872497004669452,/Users/Vincent/DS9QuickLookPlugIn/subsets/230627_UA_darks/Directory_dark_05282023_g1000_minus130/EXPTIME_150.0/image000056.fits
46,image000057.fits,EXPTIME_150.0,000057,230627.2025,13.31,230627.2025,2023-06-27T20:25:39,/Users/Vincent/DS9QuickLookPlugIn/subsets/230627_UA_darks/Directory_dark_05282023_g1000_minus130/EXPTIME_150.0,True,16,2,3216,2069,True,32768,1,,"3216,2069",4.2.1,2023-05-29T01:58:44,150.0,7780,0.0,0,57,5,0,2,500,,"&`,l",y,y,OBJECT,8105.599119398031,8153.257350698174,0.1955050749156726,0.7312499999998181,0.006874328678839957,8103.0,8114.573041324311,137.9047808011621,618.8431504398698,260.05161523835585,556.1363886635322,137.9047808011621,42.78584455058626,50.24193877550988,-5.0,8.0,5.222384200915499e-06,8057.0,11081.0,8104.180000000046,19.064278619563375,906.616712655316,0.03127838962486977,0.7506813509968745,0.06492959057681565,/Users/Vincent/DS9QuickLookPlugIn/subsets/230627_UA_darks/Directory_dark_05282023_g1000_minus130/EXPTIME_150.0/image000057.fits
47,image000058.fits,EXPTIME_150.0,000058,230627.2025,13.31,230627.2025,2023-06-27T20:25:39,/Users/Vincent/DS9QuickLookPlugIn/subsets/230627_UA_darks/Directory_dark_05282023_g1000_minus130/EXPTIME_150.0,True,16,2,3216,2069,True,32768,1,,"3216,2069",4.2.1,2023-05-29T02:01:14,150.0,7780,0.0,0,58,5,0,2,500,,"&`,l",y,y,OBJECT,8108.32786703655,8162.7879527389905,0.21000483325224195,-0.8387499999998909,0.012137486573576798,8106.0,8117.287620831319,138.24045716107744,786.7591177327637,278.39450226073427,630.009862477764,138.24045716107744,43.993239253148204,51.04331632653066,-5.0,8.0,3.2310704420797494e-06,7995.0,11342.0,8103.9800000000505,19.049026059140914,857.6572084141768,0.031821118027229596,0.7637068326535104,0.06715880169195171,/Users/Vincent/DS9QuickLookPlugIn/subsets/230627_UA_darks/Directory_dark_05282023_g1000_minus130/EXPTIME_150.0/image000058.fits
48,image000066.fits,EXPTIME_200.0,000066,230627.2025,13.31,230627.2025,2023-06-27T20:25:39,/Users/Vincent/DS9QuickLookPlugIn/subsets/230627_UA_darks/Directory_dark_05282023_g1000_minus130/EXPTIME_200.0,True,16,2,3216,2069,True,32768,1,,"3216,2069",4.2.1,2023-05-29T02:10:30,200.0,7780,0.0,0,66,5,0,2,500,,"&`,l",y,y,OBJECT,8105.409734788486,8155.5910128893665,-0.12348960850613366,0.45499999999992724,0.007303974221267454,8102.0,8114.241795553407,143.03808928342423,652.9368402657027,250.46525254531414,773.0526052933462,143.03808928342423,49.99920972644395,49.87974489795943,-4.0,9.0,7.03685995997527e-06,8057.0,11188.0,8101.940000000048,19.089911481574635,949.8723593524668,0.033522148530924334,0.603398673556638,0.07132606064146833,/Users/Vincent/DS9QuickLookPlugIn/subsets/230627_UA_darks/Directory_dark_05282023_g1000_minus130/EXPTIME_200.0/image000066.fits
49,image000067.fits,EXPTIME_200.0,000067,230627.2025,13.31,230627.2025,2023-06-27T20:25:39,/Users/Vincent/DS9QuickLookPlugIn/subsets/230627_UA_darks/Directory_dark_05282023_g1000_minus130/EXPTIME_200.0,True,16,2,3216,2069,True,32768,1,,"3216,2069",4.2.1,2023-05-29T02:13:50,200.0,7780,0.0,0,67,5,0,2,500,,"&`,l",y,y,OBJECT,8108.346341256491,8160.753692803437,0.058482358627770736,-0.14249999999992724,0.007626208378088077,8105.0,8116.990271870469,149.55352745598262,664.5400985548797,297.61233390772384,622.5397610871979,149.55352745598262,47.34943551888864,53.7875510204085,-5.0,9.0,6.793269931043268e-06,7987.0,11290.002000000095,8104.1000000000495,19.283259300568655,923.2020071316816,0.0323061706905885,0.581511072430593,0.07178384319785094,/Users/Vincent/DS9QuickLookPlugIn/subsets/230627_UA_darks/Directory_dark_05282023_g1000_minus130/EXPTIME_200.0/image000067.fits
50,image000068.fits,EXPTIME_200.0,000068,230627.2025,13.31,230627.2025,2023-06-27T20:25:39,/Users/Vincent/DS9QuickLookPlugIn/subsets/230627_UA_darks/Directory_dark_05282023_g1000_minus130/EXPTIME_200.0,True,16,2,3216,2069,True,32768,1,,"3216,2069",4.2.1,2023-05-29T02:17:10,200.0,7780,0.0,0,68,5,0,2,500,,"&`,l",y,y,OBJECT,8105.329323967126,8159.836289473684,0.05219913001383247,0.24625000000014552,0.009505907626208378,8102.0,8114.28744683422,141.31974474123507,732.7677606008504,262.85536150207656,721.35155775376,141.31974474123507,51.38469170647022,52.45102040816346,-5.0,9.0,5.587127055398445e-06,8057.0,11366.0,8103.980000000056,19.17509251260216,924.5223669283157,0.03509080014423561,0.6316344025962409,0.07044393021406294,/Users/Vincent/DS9QuickLookPlugIn/subsets/230627_UA_darks/Directory_dark_05282023_g1000_minus130/EXPTIME_200.0/image000068.fits
51,image000036.fits,EXPTIME_50.0,000036,230627.2025,13.31,230627.2025,2023-06-27T20:25:39,/Users/Vincent/DS9QuickLookPlugIn/subsets/230627_UA_darks/Directory_dark_05282023_g1000_minus130/EXPTIME_50.0,True,16,2,3216,2069,True,32768,1,,"3216,2069",4.2.1,2023-05-29T01:40:12,50.0,7780,0.0,0,36,5,0,2,500,,"&`,l",y,y,OBJECT,8111.361696736861,8148.407715896885,0.4383760270657149,0.601249999999709,0.003061224489795918,8109.0,8121.2189596423395,143.06818832894254,464.38823272577736,245.78998716653723,568.6597108287583,143.06818832894254,41.12171732522802,36.980714285714384,2.0,2.0,9.274010487710723e-06,8063.0,10739.0,8108.820000000049,18.321616512550918,801.7975882332478,0.024232712165961283,1.7447552759492124,0.057508120640702015,/Users/Vincent/DS9QuickLookPlugIn/subsets/230627_UA_darks/Directory_dark_05282023_g1000_minus130/EXPTIME_50.0/image000036.fits
52,image000037.fits,EXPTIME_50.0,000037,230627.2025,13.31,230627.2025,2023-06-27T20:25:39,/Users/Vincent/DS9QuickLookPlugIn/subsets/230627_UA_darks/Directory_dark_05282023_g1000_minus130/EXPTIME_50.0,True,16,2,3216,2069,True,32768,1,,"3216,2069",4.2.1,2023-05-29T01:41:02,50.0,7780,0.0,0,37,5,0,2,500,,"&`,l",y,y,OBJECT,8112.480169900902,8147.93984264232,-0.20637989366878173,0.1062499999998181,0.002900107411385607,8110.0,8122.5108156114065,144.7425140252436,432.43432420556593,258.850313552839,399.7628375930816,144.7425140252436,37.69125922709554,39.58250000000044,2.0,3.0,1.069521892250417e-05,7999.0,10715.0,8108.780000000048,18.517190400228138,775.0054266726479,0.022105948155709428,1.5916282672110789,0.05485575755063045,/Users/Vincent/DS9QuickLookPlugIn/subsets/230627_UA_darks/Directory_dark_05282023_g1000_minus130/EXPTIME_50.0/image000037.fits
53,image000038.fits,EXPTIME_50.0,000038,230627.2025,13.31,230627.2025,2023-06-27T20:25:39,/Users/Vincent/DS9QuickLookPlugIn/subsets/230627_UA_darks/Directory_dark_05282023_g1000_minus130/EXPTIME_50.0,True,16,2,3216,2069,True,32768,1,,"3216,2069",4.2.1,2023-05-29T01:41:52,50.0,7780,0.0,0,38,5,0,2,500,,"&`,l",y,y,OBJECT,8111.841720383154,8143.776852846402,0.26945384243572335,0.4162499999993088,0.0008592910848549946,8110.0,8122.242183421943,146.70945685012524,310.4050152219684,225.0959492117088,350.73870651531246,146.70945685012524,33.875531914894054,26.15510204081602,0.0,2.0,1.0378690015550045e-05,8068.0,10548.002000000095,8109.220000000036,18.4072915344895,705.6798030193843,0.021479322799834857,1.5465112415881097,0.05321030717121515,/Users/Vincent/DS9QuickLookPlugIn/subsets/230627_UA_darks/Directory_dark_05282023_g1000_minus130/EXPTIME_50.0/image000038.fits
54,image000046.fits,EXPTIME_100.0,000046,230627.2025,13.31,230627.2025,2023-06-27T20:25:39,/Users/Vincent/DS9QuickLookPlugIn/subsets/230627_UA_darks/Directory_dark_05282023_g1000_minus130_2/EXPTIME_100.0,True,16,2,3216,2069,True,32768,1,,"3216,2069",4.2.1,2023-05-29T03:01:30,100.0,7780,0.0,0,46,5,0,2,500,,"&`,l",y,y,OBJECT,8112.079493827166,8155.34380075188,-0.3557274045433587,-0.6075000000000728,0.0031686358754027927,8109.0,8120.537089173514,133.61520541958646,473.78378257017164,241.9329408840727,737.965157433531,133.61520541958646,54.30822188449838,44.808010204081256,0.0,5.0,1.336475103405301e-05,7994.0,10956.0,8110.300000000045,18.64711117451029,776.0205087472493,0.029570355056314557,1.064532782027324,0.06461609439345552,/Users/Vincent/DS9QuickLookPlugIn/subsets/230627_UA_darks/Directory_dark_05282023_g1000_minus130_2/EXPTIME_100.0/image000046.fits
55,image000047.fits,EXPTIME_100.0,000047,230627.2025,13.31,230627.2025,2023-06-27T20:25:39,/Users/Vincent/DS9QuickLookPlugIn/subsets/230627_UA_darks/Directory_dark_05282023_g1000_minus130_2/EXPTIME_100.0,True,16,2,3216,2069,True,32768,1,,"3216,2069",4.2.1,2023-05-29T03:03:10,100.0,7780,0.0,0,47,5,0,2,500,,"&`,l",y,y,OBJECT,8109.751150000298,8155.100423737917,0.07346544224219542,0.4187500000007276,0.006176154672395274,8107.0,8119.6114427259545,150.78183849444483,600.3882091369817,247.4547135948258,516.3768176602375,150.78183849444483,42.51330438558398,41.7505612244895,-2.0,6.0,5.548373468594168e-06,8059.0,11012.0,8108.70000000005,18.68986115159199,849.7565667528147,0.028582340952887707,1.0289642743039575,0.06264945728008746,/Users/Vincent/DS9QuickLookPlugIn/subsets/230627_UA_darks/Directory_dark_05282023_g1000_minus130_2/EXPTIME_100.0/image000047.fits
56,image000048.fits,EXPTIME_100.0,000048,230627.2025,13.31,230627.2025,2023-06-27T20:25:39,/Users/Vincent/DS9QuickLookPlugIn/subsets/230627_UA_darks/Directory_dark_05282023_g1000_minus130_2/EXPTIME_100.0,True,16,2,3216,2069,True,32768,1,,"3216,2069",4.2.1,2023-05-29T03:04:50,100.0,7780,0.0,0,48,5,0,2,500,,"&`,l",y,y,OBJECT,8107.594393519912,8149.271322771214,-0.1955050749165821,-0.17374999999992724,0.0038131041890440386,8105.0,8117.033227404543,149.53594141013934,495.18691469530734,275.30216283864814,375.12964331115785,149.53594141013934,38.23367998263166,43.18239795918362,-3.0,7.0,8.156271536800102e-06,8056.0,10905.002000000095,8104.1000000000495,18.820360210019626,805.6625741797586,0.028358497615829314,1.0209059141698553,0.0618394426466791,/Users/Vincent/DS9QuickLookPlugIn/subsets/230627_UA_darks/Directory_dark_05282023_g1000_minus130_2/EXPTIME_100.0/image000048.fits
57,image000056.fits,EXPTIME_150.0,000056,230627.2025,13.31,230627.2025,2023-06-27T20:25:39,/Users/Vincent/DS9QuickLookPlugIn/subsets/230627_UA_darks/Directory_dark_05282023_g1000_minus130_2/EXPTIME_150.0,True,16,2,3216,2069,True,32768,1,,"3216,2069",4.2.1,2023-05-29T03:11:36,150.0,7780,0.0,0,56,5,0,2,500,,"&`,l",y,y,OBJECT,8108.464508029942,8155.006201396348,-0.03214113098056259,-0.538749999999709,0.004564983888292159,8106.0,8117.539997583373,140.87191105336765,537.6808216174601,283.00445788601724,367.2806778126944,140.87191105336765,38.14303734259647,47.925561224489684,-3.0,7.0,6.9180055103992765e-06,8057.0,11087.002000000095,8104.2200000000485,18.76497692705039,898.307946583463,0.03343246327092881,0.8023791185022915,0.07117842311774016,/Users/Vincent/DS9QuickLookPlugIn/subsets/230627_UA_darks/Directory_dark_05282023_g1000_minus130_2/EXPTIME_150.0/image000056.fits
58,image000057.fits,EXPTIME_150.0,000057,230627.2025,13.31,230627.2025,2023-06-27T20:25:39,/Users/Vincent/DS9QuickLookPlugIn/subsets/230627_UA_darks/Directory_dark_05282023_g1000_minus130_2/EXPTIME_150.0,True,16,2,3216,2069,True,32768,1,,"3216,2069",4.2.1,2023-05-29T03:14:06,150.0,7780,0.0,0,57,5,0,2,500,,"&`,l",y,y,OBJECT,8107.939102758661,8162.116781417831,-0.21387143547508458,1.1024999999999636,0.009559613319011815,8105.0,8116.406110439826,134.49822563876162,727.4466151153406,267.0035022692584,841.9259645224909,134.49822563876162,56.559068606165965,45.47566326530614,-4.0,7.0,3.7794424864157195e-06,8056.0,11329.0,8106.180000000053,19.134500142443912,955.1485438276079,0.0312500281395771,0.7500006753498504,0.06972116359638438,/Users/Vincent/DS9QuickLookPlugIn/subsets/230627_UA_darks/Directory_dark_05282023_g1000_minus130_2/EXPTIME_150.0/image000057.fits
59,image000058.fits,EXPTIME_150.0,000058,230627.2025,13.31,230627.2025,2023-06-27T20:25:39,/Users/Vincent/DS9QuickLookPlugIn/subsets/230627_UA_darks/Directory_dark_05282023_g1000_minus130_2/EXPTIME_150.0,True,16,2,3216,2069,True,32768,1,,"3216,2069",4.2.1,2023-05-29T03:16:36,150.0,7780,0.0,0,58,5,0,2,500,,"&`,l",y,y,OBJECT,8108.096030557519,8157.698278732546,-0.36128564523914974,-0.20374999999967258,0.00757250268528464,8105.0,8116.899725712905,143.27723999522655,658.5786580534163,1170.4242083922773,842.0171289985348,143.27723999522655,54.47379504993478,84.47035714285721,-4.0,9.0,6.916811640347737e-06,7987.0,11205.002000000095,8104.2200000000485,19.00507964183895,891.677564433811,0.031311231744764335,0.7514695618743441,0.06953673368389725,/Users/Vincent/DS9QuickLookPlugIn/subsets/230627_UA_darks/Directory_dark_05282023_g1000_minus130_2/EXPTIME_150.0/image000058.fits
60,image000066.fits,EXPTIME_200.0,000066,230627.2025,13.31,230627.2025,2023-06-27T20:25:39,/Users/Vincent/DS9QuickLookPlugIn/subsets/230627_UA_darks/Directory_dark_05282023_g1000_minus130_2/EXPTIME_200.0,True,16,2,3216,2069,True,32768,1,,"3216,2069",4.2.1,2023-05-29T03:25:51,200.0,7780,0.0,0,66,5,0,2,500,,"&`,l",y,y,OBJECT,8107.707854251194,8165.871827604726,0.04664088931895094,-0.9487499999995634,0.010526315789473684,8105.0,8116.538237071049,133.9469476686157,778.5799240482081,284.91018668717993,596.3106296352424,133.9469476686157,45.86135041250509,52.58275510204112,-5.0,8.0,3.299313571489943e-06,8058.0,11512.002000000095,8105.740000000058,19.1319763834957,1016.6299561955218,0.03438888000199246,0.6189998400358643,0.07379367743610026,/Users/Vincent/DS9QuickLookPlugIn/subsets/230627_UA_darks/Directory_dark_05282023_g1000_minus130_2/EXPTIME_200.0/image000066.fits
61,image000067.fits,EXPTIME_200.0,000067,230627.2025,13.31,230627.2025,2023-06-27T20:25:39,/Users/Vincent/DS9QuickLookPlugIn/subsets/230627_UA_darks/Directory_dark_05282023_g1000_minus130_2/EXPTIME_200.0,True,16,2,3216,2069,True,32768,1,,"3216,2069",4.2.1,2023-05-29T03:29:11,200.0,7780,0.0,0,67,5,0,2,500,,"&`,l",y,y,OBJECT,8108.903252395354,8173.990263694952,-0.2501208313187817,0.24125000000003638,0.015628356605800215,8106.0,8118.031938134364,146.81917360745584,902.6558475309934,273.982468052474,578.5573269017071,146.81917360745584,49.07706252713888,50.24755102040854,-5.0,8.0,2.4546275021197592e-06,7994.0,11745.002000000095,8107.900000000052,19.196186491176714,1003.1576376147957,0.03423760718106227,0.6162769292591209,0.07366372095355692,/Users/Vincent/DS9QuickLookPlugIn/subsets/230627_UA_darks/Directory_dark_05282023_g1000_minus130_2/EXPTIME_200.0/image000067.fits
62,image000068.fits,EXPTIME_200.0,000068,230627.2025,13.31,230627.2025,2023-06-27T20:25:39,/Users/Vincent/DS9QuickLookPlugIn/subsets/230627_UA_darks/Directory_dark_05282023_g1000_minus130_2/EXPTIME_200.0,True,16,2,3216,2069,True,32768,1,,"3216,2069",4.2.1,2023-05-29T03:32:32,200.0,7780,0.0,0,68,5,0,2,500,,"&`,l",y,y,OBJECT,8107.144574652914,8164.851294307196,-0.0749154180766709,-0.4025000000001455,0.010848549946294308,8104.0,8115.611784678588,138.51950580244133,778.9061284962818,276.8904724522623,640.5680503981968,138.51950580244133,48.995375597047314,53.30637755101998,-5.0,9.0,4.944825985953211e-06,8059.0,11473.0,8104.260000000049,19.19734197405733,957.5434289711455,0.034789539807173094,0.6262117165291157,0.07225261251027551,/Users/Vincent/DS9QuickLookPlugIn/subsets/230627_UA_darks/Directory_dark_05282023_g1000_minus130_2/EXPTIME_200.0/image000068.fits
63,image000036.fits,EXPTIME_50.0,000036,230627.2025,13.31,230627.2025,2023-06-27T20:25:39,/Users/Vincent/DS9QuickLookPlugIn/subsets/230627_UA_darks/Directory_dark_05282023_g1000_minus130_2/EXPTIME_50.0,True,16,2,3216,2069,True,32768,1,,"3216,2069",4.2.1,2023-05-29T02:55:34,50.0,7780,0.0,0,36,5,0,2,500,,"&`,l",y,y,OBJECT,8113.2652788168125,8147.8473915145005,-0.01039149347525381,0.35750000000098225,0.0009129967776584318,8111.0,8122.827258337361,149.26840565933637,330.25941292908766,241.67107029558892,239.53250832161427,149.26840565933637,33.86352583586631,36.59479591836771,2.0,2.0,1.8336632733649318e-05,8064.0,10667.0,8109.220000000041,18.398734984386518,750.3019919453909,0.025222933150334925,1.8160511868241145,0.05850405692839239,/Users/Vincent/DS9QuickLookPlugIn/subsets/230627_UA_darks/Directory_dark_05282023_g1000_minus130_2/EXPTIME_50.0/image000036.fits
64,image000037.fits,EXPTIME_50.0,000037,230627.2025,13.31,230627.2025,2023-06-27T20:25:39,/Users/Vincent/DS9QuickLookPlugIn/subsets/230627_UA_darks/Directory_dark_05282023_g1000_minus130_2/EXPTIME_50.0,True,16,2,3216,2069,True,32768,1,,"3216,2069",4.2.1,2023-05-29T02:56:24,50.0,7780,0.0,0,37,5,0,2,500,,"&`,l",y,y,OBJECT,8113.696332953409,8152.656496240602,-0.06186563557275804,1.1912499999998545,0.004081632653061225,8111.0,8123.460731029483,143.69785386921689,506.62604105449907,248.74506900842863,254.14593242740213,143.69785386921689,37.0516782457662,36.88336734693894,2.0,2.0,7.792108251327269e-06,7995.0,10808.0,8109.940000000048,18.409315924060387,810.4339072097736,0.024977890907095755,1.7984081453108944,0.05890808894892834,/Users/Vincent/DS9QuickLookPlugIn/subsets/230627_UA_darks/Directory_dark_05282023_g1000_minus130_2/EXPTIME_50.0/image000037.fits
65,image000038.fits,EXPTIME_50.0,000038,230627.2025,13.31,230627.2025,2023-06-27T20:25:39,/Users/Vincent/DS9QuickLookPlugIn/subsets/230627_UA_darks/Directory_dark_05282023_g1000_minus130_2/EXPTIME_50.0,True,16,2,3216,2069,True,32768,1,,"3216,2069",4.2.1,2023-05-29T02:57:14,50.0,7780,0.0,0,38,5,0,2,500,,"&`,l",y,y,OBJECT,8113.278109939671,8146.884098818475,0.20855485741867597,-0.6649999999999636,0.0009129967776584318,8111.0,8122.62424722088,139.27851673816653,315.36965436364795,212.23121825300765,248.66821689558708,139.27851673816653,35.095757707338635,34.94561224489826,1.0,3.0,2.010898690977022e-05,8069.0,10621.0,8110.300000000045,18.431332655460874,741.6082586884424,0.023525471468760554,1.6938339457507599,0.056600723017361576,/Users/Vincent/DS9QuickLookPlugIn/subsets/230627_UA_darks/Directory_dark_05282023_g1000_minus130_2/EXPTIME_50.0/image000038.fits
66,image000027.fits,EXPTIME_120.0,000027,230627.2025,13.31,230627.2025,2023-06-27T20:25:39,/Users/Vincent/DS9QuickLookPlugIn/subsets/230627_UA_darks/Directory_dark_05282023_g1000_minus130_long/EXPTIME_120.0,True,16,2,3216,2069,True,32768,1,,"3216,2069",4.2.1,2023-05-29T04:02:14,120.0,7780,0.0,0,27,5,0,2,500,,"&`,l",y,y,OBJECT,8112.999701409819,8162.623759935554,-0.260512324794945,0.2599999999993088,0.0049946294307196566,8110.0,8121.840530449493,146.67909733111392,555.3368659686537,265.6103861335073,487.1338649838425,146.67909733111392,47.444552757273414,43.06326530612205,-1.0,5.0,6.4851046045598915e-06,7994.0,11136.0,8111.300000000052,18.596475716567284,915.7594802058454,0.0362166551992607,1.086499655977821,0.07537804702970421,/Users/Vincent/DS9QuickLookPlugIn/subsets/230627_UA_darks/Directory_dark_05282023_g1000_minus130_long/EXPTIME_120.0/image000027.fits
67,image000028.fits,EXPTIME_120.0,000028,230627.2025,13.31,230627.2025,2023-06-27T20:25:39,/Users/Vincent/DS9QuickLookPlugIn/subsets/230627_UA_darks/Directory_dark_05282023_g1000_minus130_long/EXPTIME_120.0,True,16,2,3216,2069,True,32768,1,,"3216,2069",4.2.1,2023-05-29T04:04:14,120.0,7780,0.0,0,28,5,0,2,500,,"&`,l",y,y,OBJECT,8109.211823823614,8161.540683136413,-0.11986466892176395,-0.2962499999994179,0.007894736842105263,8106.0,8117.371732721122,136.2462259795211,672.1248320284766,1252.3084393762936,454.0415174218978,136.2462259795211,44.107598784194124,92.80923469387744,-3.0,8.0,6.640814862368414e-06,8062.0,11251.0,8105.820000000049,18.838686937354698,905.8256505193403,0.032146918640044785,0.9644075592013436,0.06942000957731825,/Users/Vincent/DS9QuickLookPlugIn/subsets/230627_UA_darks/Directory_dark_05282023_g1000_minus130_long/EXPTIME_120.0/image000028.fits
68,image000029.fits,EXPTIME_120.0,000029,230627.2025,13.31,230627.2025,2023-06-27T20:25:39,/Users/Vincent/DS9QuickLookPlugIn/subsets/230627_UA_darks/Directory_dark_05282023_g1000_minus130_long/EXPTIME_120.0,True,16,2,3216,2069,True,32768,1,,"3216,2069",4.2.1,2023-05-29T04:06:14,120.0,7780,0.0,0,29,5,0,2,500,,"&`,l",y,y,OBJECT,8108.99700559037,8157.028556928034,-0.4388593523444797,-1.90625,0.006498388829215897,8106.0,8117.336430642823,133.72684141400921,613.4286631041946,228.8144136551167,652.4302057284744,133.72684141400921,48.47305471124582,38.964693877551326,-3.0,7.0,5.314982827622394e-06,8060.0,11110.0,8107.780000000048,18.843349460670385,885.4600918656492,0.031120202956089298,0.9336060886826789,0.06670445159942728,/Users/Vincent/DS9QuickLookPlugIn/subsets/230627_UA_darks/Directory_dark_05282023_g1000_minus130_long/EXPTIME_120.0/image000029.fits
69,image000017.fits,EXPTIME_30.0,000017,230627.2025,13.31,230627.2025,2023-06-27T20:25:39,/Users/Vincent/DS9QuickLookPlugIn/subsets/230627_UA_darks/Directory_dark_05282023_g1000_minus130_long/EXPTIME_30.0,True,16,2,3216,2069,True,32768,1,,"3216,2069",4.2.1,2023-05-29T03:57:18,30.0,7780,0.0,0,17,5,0,2,500,,"&`,l",y,y,OBJECT,8110.106954041485,8148.34069226638,0.07080715321353637,1.1599999999998545,0.004887218045112782,8108.0,8119.345844610923,140.6156056204084,532.4287510325626,3248.850487915278,406.75602718453337,140.6156056204084,34.90321971341746,331.86954081632575,2.0,4.0,7.055162109621928e-06,8061.0,10785.0,8108.180000000046,18.451720395490796,845.2167370420019,0.02371714366062703,2.8460572392752437,0.056329176549039454,/Users/Vincent/DS9QuickLookPlugIn/subsets/230627_UA_darks/Directory_dark_05282023_g1000_minus130_long/EXPTIME_30.0/image000017.fits
70,image000018.fits,EXPTIME_30.0,000018,230627.2025,13.31,230627.2025,2023-06-27T20:25:39,/Users/Vincent/DS9QuickLookPlugIn/subsets/230627_UA_darks/Directory_dark_05282023_g1000_minus130_long/EXPTIME_30.0,True,16,2,3216,2069,True,32768,1,,"3216,2069",4.2.1,2023-05-29T03:57:48,30.0,7780,0.0,0,18,5,0,2,500,,"&`,l",y,y,OBJECT,8113.35474532185,8145.913970998926,-0.1087481875292724,-0.3587499999994179,0.0010204081632653062,8111.0,8121.764961333978,133.92927374482147,335.7043826113817,233.30617096048692,243.53942903192322,133.92927374482147,35.31241858445537,27.490969387755285,3.0,1.0,1.7746633224499914e-05,7994.0,10599.0,8111.020000000046,18.31327821589492,734.1856766626559,0.020311400763018895,2.4373680915622677,0.05129566659066155,/Users/Vincent/DS9QuickLookPlugIn/subsets/230627_UA_darks/Directory_dark_05282023_g1000_minus130_long/EXPTIME_30.0/image000018.fits
71,image000019.fits,EXPTIME_30.0,000019,230627.2025,13.31,230627.2025,2023-06-27T20:25:39,/Users/Vincent/DS9QuickLookPlugIn/subsets/230627_UA_darks/Directory_dark_05282023_g1000_minus130_long/EXPTIME_30.0,True,16,2,3216,2069,True,32768,1,,"3216,2069",4.2.1,2023-05-29T03:58:18,30.0,7780,0.0,0,19,5,0,2,500,,"&`,l",y,y,OBJECT,8113.565227355028,8143.852406552094,0.5021749637508037,-0.59375,0.0006981740064446831,8111.0,8122.548365152247,137.83430563425148,294.1684437646852,204.53768668860687,391.16477910048417,137.83430563425148,35.999142422926525,30.584693877551217,3.0,2.0,2.3112016013507874e-05,8067.0,10494.002000000095,8109.260000000018,18.373858744332455,723.2424315386371,0.018957705866234697,2.2749247039481637,0.04984970756831483,/Users/Vincent/DS9QuickLookPlugIn/subsets/230627_UA_darks/Directory_dark_05282023_g1000_minus130_long/EXPTIME_30.0/image000019.fits
72,image000118.fits,EXPTIME_100.0,000118,230627.2025,13.31,230627.2025,2023-06-27T20:25:39,/Users/Vincent/DS9QuickLookPlugIn/subsets/230627_UA_darks/Directory_dark_05292023_g1000_minus120_2/EXPTIME_100.0,True,16,2,3216,2069,True,32768,1,,"3216,2069",4.2.1,2023-05-29T16:27:27,100.0,7795,0.0,0,118,5,0,2,500,,"&`,l",y,y,OBJECT,8049.441047317152,8072.667756713212,0.5347994200092216,-0.21625000000040018,0.002900107411385607,8048.0,8053.613668438859,100.48422505064794,394.6932805381143,193.31463288047203,322.93881704702756,100.48422505064794,8.8245245332173,34.0249489795915,-15.0,12.0,6.41919449247309e-06,7998.0,10174.0,8052.220000000036,19.98360923741342,711.3052073537214,0.020650147339623906,0.7434053042264607,0.03308845758452335,/Users/Vincent/DS9QuickLookPlugIn/subsets/230627_UA_darks/Directory_dark_05292023_g1000_minus120_2/EXPTIME_100.0/image000118.fits
73,image000119.fits,EXPTIME_100.0,000119,230627.2025,13.31,230627.2025,2023-06-27T20:25:39,/Users/Vincent/DS9QuickLookPlugIn/subsets/230627_UA_darks/Directory_dark_05292023_g1000_minus120_2/EXPTIME_100.0,True,16,2,3216,2069,True,32768,1,,"3216,2069",4.2.1,2023-05-29T16:29:07,100.0,7795,0.0,0,119,5,0,2,500,,"&`,l",y,y,OBJECT,8052.525292515139,8072.537953813104,-0.4231512808119078,0.0187500000001819,0.0007518796992481203,8052.0,8057.281883760271,103.63580338305225,264.16729683148634,198.70552558323843,366.21342816306594,103.63580338305225,9.239300911854116,33.547602040815946,-16.0,11.0,0.0,8001.0,10035.0,8054.300000000019,20.118561822450765,660.3134298518726,0.01699432399526453,0.611795663829523,0.030843219801792884,/Users/Vincent/DS9QuickLookPlugIn/subsets/230627_UA_darks/Directory_dark_05292023_g1000_minus120_2/EXPTIME_100.0/image000119.fits
74,image000120.fits,EXPTIME_100.0,000120,230627.2025,13.31,230627.2025,2023-06-27T20:25:39,/Users/Vincent/DS9QuickLookPlugIn/subsets/230627_UA_darks/Directory_dark_05292023_g1000_minus120_2/EXPTIME_100.0,True,16,2,3216,2069,True,32768,1,,"3216,2069",4.2.1,2023-05-29T16:30:47,100.0,7795,0.0,0,120,5,0,2,500,,"&`,l",y,y,OBJECT,8057.638753298976,8095.6705166487645,-0.05389076848678087,-0.20375000000058208,0.011546730153990416,8057.0,8063.227029966167,104.68772760427507,780.6431751690626,1203.6534683503012,330.063726773551,104.68772760427507,7.9316435084674595,70.07867346938747,-15.0,11.0,0.0,8006.0,10941.0,8059.140000000045,19.982734648708227,768.3775674948241,0.01526137945799813,0.5494096604879326,0.03544335286872267,/Users/Vincent/DS9QuickLookPlugIn/subsets/230627_UA_darks/Directory_dark_05292023_g1000_minus120_2/EXPTIME_100.0/image000120.fits
75,image000128.fits,EXPTIME_150.0,000128,230627.2025,13.31,230627.2025,2023-06-27T20:25:39,/Users/Vincent/DS9QuickLookPlugIn/subsets/230627_UA_darks/Directory_dark_05292023_g1000_minus120_2/EXPTIME_150.0,True,16,2,3216,2069,True,32768,1,,"3216,2069",4.2.1,2023-05-29T16:37:33,150.0,7795,0.0,0,128,5,0,2,500,,"&`,l",y,y,OBJECT,8056.032250662707,8084.5943216971,-0.00386660222284263,-0.10749999999916326,0.005800214822771214,8055.0,8060.6643330111165,103.48531606400664,533.6544162670975,184.51860550962604,606.5861295479041,103.48531606400664,17.812459834997753,29.25938775510167,-15.0,11.0,3.5113957925920696e-06,8003.0,10414.0,8057.700000000044,20.06849648743333,725.8333221081039,0.02279472862855844,0.5470734870854026,0.03691160613100467,/Users/Vincent/DS9QuickLookPlugIn/subsets/230627_UA_darks/Directory_dark_05292023_g1000_minus120_2/EXPTIME_150.0/image000128.fits
76,image000129.fits,EXPTIME_150.0,000129,230627.2025,13.31,230627.2025,2023-06-27T20:25:39,/Users/Vincent/DS9QuickLookPlugIn/subsets/230627_UA_darks/Directory_dark_05292023_g1000_minus120_2/EXPTIME_150.0,True,16,2,3216,2069,True,32768,1,,"3216,2069",4.2.1,2023-05-29T16:40:03,150.0,7795,0.0,0,129,5,0,2,500,,"&`,l",y,y,OBJECT,8051.359320726667,8081.61750698174,-0.21000483325315145,0.3149999999995998,0.009935553168635876,8051.0,8056.152893910102,103.73385531602177,668.41738195078,1875.7116925094901,647.1936613725172,103.73385531602177,15.909418150238707,107.48397959183694,-16.0,8.0,0.0,8000.0,10425.0,8053.220000000054,19.989124232036545,746.9989652974684,0.02107016000403884,0.5056838400969321,0.03273049606671938,/Users/Vincent/DS9QuickLookPlugIn/subsets/230627_UA_darks/Directory_dark_05292023_g1000_minus120_2/EXPTIME_150.0/image000129.fits
77,image000130.fits,EXPTIME_150.0,000130,230627.2025,13.31,230627.2025,2023-06-27T20:25:39,/Users/Vincent/DS9QuickLookPlugIn/subsets/230627_UA_darks/Directory_dark_05292023_g1000_minus120_2/EXPTIME_150.0,True,16,2,3216,2069,True,32768,1,,"3216,2069",4.2.1,2023-05-29T16:42:33,150.0,7795,0.0,0,130,5,0,2,500,,"&`,l",y,y,OBJECT,8051.730294285335,8074.9324060150375,-0.15587240212607867,0.4975000000004002,0.0027926960257787323,8051.0,8056.3714499758335,105.78158227520858,404.14964472876,163.44707643149357,333.35234942767676,105.78158227520858,8.07970256187582,29.117551020408428,-16.0,11.0,0.0,7999.0,10166.002000000095,8053.660000000036,20.201486522214992,704.1487150470663,0.01969964997862715,0.47279159948705163,0.03237931195885786,/Users/Vincent/DS9QuickLookPlugIn/subsets/230627_UA_darks/Directory_dark_05292023_g1000_minus120_2/EXPTIME_150.0/image000130.fits
78,image000138.fits,EXPTIME_200.0,000138,230627.2025,13.31,230627.2025,2023-06-27T20:25:39,/Users/Vincent/DS9QuickLookPlugIn/subsets/230627_UA_darks/Directory_dark_05292023_g1000_minus120_2/EXPTIME_200.0,True,16,2,3216,2069,True,32768,1,,"3216,2069",4.2.1,2023-05-29T16:51:48,200.0,7795,0.0,0,138,5,0,2,500,,"&`,l",y,y,OBJECT,8056.922410137925,8087.2850096670245,0.3586273562104907,0.2312499999998181,0.006659505907626208,8056.0,8061.743488400193,107.02451305606398,567.2173910914582,1389.343174361934,617.5684574682941,107.02451305606398,18.438313069908872,84.31908163265325,-15.0,11.0,0.0,8005.0,10499.0,8059.140000000045,19.96628392895679,816.7381408499042,0.023897552433788324,0.43015594380818983,0.03837328559958527,/Users/Vincent/DS9QuickLookPlugIn/subsets/230627_UA_darks/Directory_dark_05292023_g1000_minus120_2/EXPTIME_200.0/image000138.fits
79,image000139.fits,EXPTIME_200.0,000139,230627.2025,13.31,230627.2025,2023-06-27T20:25:39,/Users/Vincent/DS9QuickLookPlugIn/subsets/230627_UA_darks/Directory_dark_05292023_g1000_minus120_2/EXPTIME_200.0,True,16,2,3216,2069,True,32768,1,,"3216,2069",4.2.1,2023-05-29T16:55:08,200.0,7795,0.0,0,139,5,0,2,500,,"&`,l",y,y,OBJECT,8049.611884607249,8081.090672932331,0.0918318028034264,-0.375,0.010633727175080558,8048.0,8053.757066215563,102.1326169840071,689.114250620597,965.9478844525951,1147.2904547708563,102.1326169840071,39.61414893616984,58.82392857142895,-15.0,12.0,2.105802019737931e-06,7997.0,10487.0,8050.860000000064,20.061326128093203,703.5409784682192,0.02346320555735491,0.4223377000323884,0.03337423740997115,/Users/Vincent/DS9QuickLookPlugIn/subsets/230627_UA_darks/Directory_dark_05292023_g1000_minus120_2/EXPTIME_200.0/image000139.fits
80,image000140.fits,EXPTIME_200.0,000140,230627.2025,13.31,230627.2025,2023-06-27T20:25:39,/Users/Vincent/DS9QuickLookPlugIn/subsets/230627_UA_darks/Directory_dark_05292023_g1000_minus120_2/EXPTIME_200.0,True,16,2,3216,2069,True,32768,1,,"3216,2069",4.2.1,2023-05-29T16:58:28,200.0,7795,0.0,0,140,5,0,2,500,,"&`,l",y,y,OBJECT,8057.142244365589,8083.489622986037,0.14886418559672165,-0.3912499999996726,0.004672395273899033,8056.0,8061.91508337361,107.48923159905934,493.23668235587064,199.54622051980215,479.66425610910886,107.48923159905934,13.309370386452429,34.55586734693861,-15.0,12.0,4.1104490007201274e-06,8004.0,10293.0,8056.780000000041,19.94556416346321,705.3179193334087,0.022490552130672765,0.4048299383521098,0.03563291480486269,/Users/Vincent/DS9QuickLookPlugIn/subsets/230627_UA_darks/Directory_dark_05292023_g1000_minus120_2/EXPTIME_200.0/image000140.fits
81,image000108.fits,EXPTIME_50.0,000108,230627.2025,13.31,230627.2025,2023-06-27T20:25:39,/Users/Vincent/DS9QuickLookPlugIn/subsets/230627_UA_darks/Directory_dark_05292023_g1000_minus120_2/EXPTIME_50.0,True,16,2,3216,2069,True,32768,1,,"3216,2069",4.2.1,2023-05-29T16:21:31,50.0,7795,0.0,0,108,5,0,2,500,,"&`,l",y,y,OBJECT,8053.2744468357605,8072.726066058002,0.19840502658280457,0.25125000000116415,0.000966702470461869,8052.0,8058.383849685839,100.22055793661194,270.70042035721025,218.83908844562788,317.6031998729671,100.22055793661194,10.047505427703072,30.22096938775485,-11.0,10.0,1.364652702726202e-05,8009.0,9992.002000000095,8054.260000000018,19.429460977903627,669.8902950739644,0.017598117251903255,1.2670644421370343,0.030677305226757993,/Users/Vincent/DS9QuickLookPlugIn/subsets/230627_UA_darks/Directory_dark_05292023_g1000_minus120_2/EXPTIME_50.0/image000108.fits
82,image000109.fits,EXPTIME_50.0,000109,230627.2025,13.31,230627.2025,2023-06-27T20:25:39,/Users/Vincent/DS9QuickLookPlugIn/subsets/230627_UA_darks/Directory_dark_05292023_g1000_minus120_2/EXPTIME_50.0,True,16,2,3216,2069,True,32768,1,,"3216,2069",4.2.1,2023-05-29T16:22:21,50.0,7795,0.0,0,109,5,0,2,500,,"&`,l",y,y,OBJECT,8055.676492567481,8074.475302900108,-0.38714354760668357,0.07749999999941792,0.0013963480128893662,8055.0,8060.967658289029,103.30882389077293,299.09690193423774,980.5876490565197,186.20405697412735,103.30882389077293,7.712260095527199,51.36841836734675,-12.0,10.0,0.0,8011.0,9926.0,8056.8600000000315,19.44035196246846,654.4651843033791,0.014363866337321672,1.0341983762871605,0.028029672224871124,/Users/Vincent/DS9QuickLookPlugIn/subsets/230627_UA_darks/Directory_dark_05292023_g1000_minus120_2/EXPTIME_50.0/image000109.fits
83,image000110.fits,EXPTIME_50.0,000110,230627.2025,13.31,230627.2025,2023-06-27T20:25:39,/Users/Vincent/DS9QuickLookPlugIn/subsets/230627_UA_darks/Directory_dark_05292023_g1000_minus120_2/EXPTIME_50.0,True,16,2,3216,2069,True,32768,1,,"3216,2069",4.2.1,2023-05-29T16:23:11,50.0,7795,0.0,0,110,5,0,2,500,,"&`,l",y,y,OBJECT,8057.704766497519,8076.022234693877,-0.06089898501704738,0.3349999999991269,0.0012889366272824919,8057.0,8063.302724746254,107.51950981175061,303.3225633821959,180.5669663223409,302.78686307605204,107.51950981175061,8.637132001736973,28.631938775510207,-11.0,10.0,0.0,8012.0,9876.0,8058.780000000035,19.397061392027585,626.2352761690859,0.014241871756725411,1.0254147664842295,0.02725053488346493,/Users/Vincent/DS9QuickLookPlugIn/subsets/230627_UA_darks/Directory_dark_05292023_g1000_minus120_2/EXPTIME_50.0/image000110.fits
